name	variety	region	Jan	Feb	Mar	Apr	May	Jun	Jul	Aug	Sep	Oct	Nov	Dec	tags	source
Apples		AU			yes	yes	yes	yes	yes	yes	yes				fruit	https://www.frugalandthriving.com.au/seasonal-eating/
Apples (green)		Qld	yes	yes	yes	yes	yes	yes	yes	yes	yes	yes	yes	yes	fruit	http://seasonalfoodguide.com/brisbane-queensland-seasonal-fresh-produce-guide-fruits-vegetables-in-season-availability-australia.html
Apples (red)		Qld	yes	yes	yes	yes	yes	yes	yes	yes	yes	yes	yes	yes	fruit	http://seasonalfoodguide.com/brisbane-queensland-seasonal-fresh-produce-guide-fruits-vegetables-in-season-availability-australia.html
Apricots		AU	yes											yes	fruit	https://www.frugalandthriving.com.au/seasonal-eating/
Apricots		Qld	yes	yes										yes	fruit	http://seasonalfoodguide.com/brisbane-queensland-seasonal-fresh-produce-guide-fruits-vegetables-in-season-availability-australia.html
Artichokes		AU									yes	yes	yes		vegetable	https://www.frugalandthriving.com.au/seasonal-eating/
Artichokes		Qld			yes	yes	yes	yes	yes	yes	yes	yes	yes		vegetable	http://seasonalfoodguide.com/brisbane-queensland-seasonal-fresh-produce-guide-fruits-vegetables-in-season-availability-australia.html
Asian greens		AU			yes	yes	yes	yes	yes	yes	yes	yes			vegetable	https://www.frugalandthriving.com.au/seasonal-eating/
Asparagus		AU	yes								yes	yes	yes	yes	vegetable	https://www.frugalandthriving.com.au/seasonal-eating/
Asparagus		Qld	yes	yes	yes	yes	yes	yes	yes	yes	yes	yes	yes	yes	vegetable	http://seasonalfoodguide.com/brisbane-queensland-seasonal-fresh-produce-guide-fruits-vegetables-in-season-availability-australia.html
Avocados		AU	yes	yes	yes	yes	yes	yes	yes	yes	yes	yes	yes	yes	vegetable	https://www.frugalandthriving.com.au/seasonal-eating/
Bananas		AU	yes	yes	yes	yes	yes						yes	yes	fruit	https://www.frugalandthriving.com.au/seasonal-eating/
Bananas		Qld	yes	yes	yes	yes	yes	yes	yes	yes	yes	yes	yes	yes	fruit	http://seasonalfoodguide.com/brisbane-queensland-seasonal-fresh-produce-guide-fruits-vegetables-in-season-availability-australia.html
Beans		AU	yes	yes	yes						yes	yes	yes	yes	vegetable	https://www.frugalandthriving.com.au/seasonal-eating/
Beans (broad)		Qld	yes	yes										yes	vegetable	http://seasonalfoodguide.com/brisbane-queensland-seasonal-fresh-produce-guide-fruits-vegetables-in-season-availability-australia.html
Beans (flat)		Qld	yes	yes										yes	vegetable	http://seasonalfoodguide.com/brisbane-queensland-seasonal-fresh-produce-guide-fruits-vegetables-in-season-availability-australia.html
Beans (green)		Qld	yes	yes										yes	vegetable	http://seasonalfoodguide.com/brisbane-queensland-seasonal-fresh-produce-guide-fruits-vegetables-in-season-availability-australia.html
Beetroots		AU				yes	yes	yes	yes	yes					vegetable	https://www.frugalandthriving.com.au/seasonal-eating/
Beetroots		Qld	yes	yes	yes	yes	yes	yes	yes	yes	yes	yes	yes	yes	vegetable	http://seasonalfoodguide.com/brisbane-queensland-seasonal-fresh-produce-guide-fruits-vegetables-in-season-availability-australia.html
Berries		AU	yes	yes	yes									yes	fruit	https://www.frugalandthriving.com.au/seasonal-eating/
Blackberries		Qld	yes	yes										yes	fruit	http://seasonalfoodguide.com/brisbane-queensland-seasonal-fresh-produce-guide-fruits-vegetables-in-season-availability-australia.html
Blueberries		Qld	yes	yes	yes	yes	yes				yes	yes	yes	yes	fruit	http://seasonalfoodguide.com/brisbane-queensland-seasonal-fresh-produce-guide-fruits-vegetables-in-season-availability-australia.html
Breadfruit		Qld			yes	yes	yes	yes	yes	yes					vegetable	http://seasonalfoodguide.com/brisbane-queensland-seasonal-fresh-produce-guide-fruits-vegetables-in-season-availability-australia.html
Broccoflowers		Qld	yes	yes	yes	yes	yes	yes	yes	yes	yes	yes	yes	yes	vegetable	http://seasonalfoodguide.com/brisbane-queensland-seasonal-fresh-produce-guide-fruits-vegetables-in-season-availability-australia.html
Broccoli		AU				yes	yes	yes	yes	yes	yes	yes			vegetable	https://www.frugalandthriving.com.au/seasonal-eating/
Broccoli		Qld	yes	yes	yes	yes	yes	yes	yes	yes	yes	yes	yes	yes	vegetable	http://seasonalfoodguide.com/brisbane-queensland-seasonal-fresh-produce-guide-fruits-vegetables-in-season-availability-australia.html
Brussels sprouts		AU				yes	yes	yes	yes	yes					vegetable	https://www.frugalandthriving.com.au/seasonal-eating/
Brussels sprouts		Qld			yes	yes	yes	yes	yes	yes					vegetable	http://seasonalfoodguide.com/brisbane-queensland-seasonal-fresh-produce-guide-fruits-vegetables-in-season-availability-australia.html
Cabbages		AU				yes	yes	yes	yes	yes	yes				vegetable	https://www.frugalandthriving.com.au/seasonal-eating/
Cabbages		Qld	yes	yes	yes	yes	yes	yes	yes	yes	yes	yes	yes	yes	vegetable	http://seasonalfoodguide.com/brisbane-queensland-seasonal-fresh-produce-guide-fruits-vegetables-in-season-availability-australia.html
Capsicums		AU	yes	yes	yes									yes	vegetable	https://www.frugalandthriving.com.au/seasonal-eating/
Capsicums		Qld	yes	yes	yes	yes	yes	yes	yes	yes	yes	yes	yes	yes	vegetable	http://seasonalfoodguide.com/brisbane-queensland-seasonal-fresh-produce-guide-fruits-vegetables-in-season-availability-australia.html
Carrots		AU				yes	yes	yes	yes	yes	yes				vegetable	https://www.frugalandthriving.com.au/seasonal-eating/
Carrots		Qld	yes	yes	yes	yes	yes	yes	yes	yes	yes	yes	yes	yes	vegetable	http://seasonalfoodguide.com/brisbane-queensland-seasonal-fresh-produce-guide-fruits-vegetables-in-season-availability-australia.html
Cauliflowers		AU				yes	yes	yes	yes	yes	yes				vegetable	https://www.frugalandthriving.com.au/seasonal-eating/
Cauliflowers		Qld	yes	yes	yes	yes	yes	yes	yes	yes	yes	yes	yes	yes	vegetable	http://seasonalfoodguide.com/brisbane-queensland-seasonal-fresh-produce-guide-fruits-vegetables-in-season-availability-australia.html
Celeriac		AU						yes	yes	yes					vegetable	https://www.frugalandthriving.com.au/seasonal-eating/
Celeriac		Qld	yes	yes	yes	yes	yes	yes	yes	yes	yes	yes	yes	yes	vegetable	http://seasonalfoodguide.com/brisbane-queensland-seasonal-fresh-produce-guide-fruits-vegetables-in-season-availability-australia.html
Celery		AU	yes	yes	yes	yes	yes	yes	yes	yes				yes	vegetable	https://www.frugalandthriving.com.au/seasonal-eating/
Celery		Qld	yes	yes	yes	yes	yes	yes	yes	yes	yes	yes	yes	yes	vegetable	http://seasonalfoodguide.com/brisbane-queensland-seasonal-fresh-produce-guide-fruits-vegetables-in-season-availability-australia.html
Cherries		AU	yes										yes	yes	fruit	https://www.frugalandthriving.com.au/seasonal-eating/
Cherries		Qld	yes	yes				yes	yes	yes				yes	fruit	http://seasonalfoodguide.com/brisbane-queensland-seasonal-fresh-produce-guide-fruits-vegetables-in-season-availability-australia.html
Chillies		AU		yes	yes										vegetable	https://www.frugalandthriving.com.au/seasonal-eating/
Chillies		Qld	yes	yes	yes	yes	yes	yes	yes	yes	yes	yes	yes	yes	vegetable	http://seasonalfoodguide.com/brisbane-queensland-seasonal-fresh-produce-guide-fruits-vegetables-in-season-availability-australia.html
Chinese cabbage		Qld	yes	yes	yes	yes	yes	yes	yes	yes	yes	yes	yes	yes	vegetable	http://seasonalfoodguide.com/brisbane-queensland-seasonal-fresh-produce-guide-fruits-vegetables-in-season-availability-australia.html
Chinese spinach 		Qld	yes	yes	yes	yes	yes	yes	yes	yes	yes	yes	yes	yes	vegetable	http://seasonalfoodguide.com/brisbane-queensland-seasonal-fresh-produce-guide-fruits-vegetables-in-season-availability-australia.html
Chokos		AU	yes	yes								yes	yes	yes	vegetable	https://www.frugalandthriving.com.au/seasonal-eating/
Chokos		Qld	yes	yes	yes	yes	yes	yes	yes	yes	yes	yes	yes	yes	vegetable	http://seasonalfoodguide.com/brisbane-queensland-seasonal-fresh-produce-guide-fruits-vegetables-in-season-availability-australia.html
Coconuts		Qld	yes	yes	yes	yes	yes	yes	yes	yes	yes	yes	yes	yes	fruit	http://seasonalfoodguide.com/brisbane-queensland-seasonal-fresh-produce-guide-fruits-vegetables-in-season-availability-australia.html
Cucumbers		AU	yes	yes	yes							yes	yes	yes	vegetable	https://www.frugalandthriving.com.au/seasonal-eating/
Cucumbers		Qld	yes	yes	yes	yes	yes	yes	yes	yes	yes	yes	yes	yes	vegetable	http://seasonalfoodguide.com/brisbane-queensland-seasonal-fresh-produce-guide-fruits-vegetables-in-season-availability-australia.html
Cumquats		Qld			yes	yes	yes								fruit	http://seasonalfoodguide.com/brisbane-queensland-seasonal-fresh-produce-guide-fruits-vegetables-in-season-availability-australia.html
Currants		AU	yes											yes	fruit	https://www.frugalandthriving.com.au/seasonal-eating/
Custard apples		Qld			yes	yes	yes	yes	yes	yes	yes	yes	yes		fruit	http://seasonalfoodguide.com/brisbane-queensland-seasonal-fresh-produce-guide-fruits-vegetables-in-season-availability-australia.html
Daikons		AU		yes											vegetable	https://www.frugalandthriving.com.au/seasonal-eating/
Daikons		Qld	yes	yes	yes	yes	yes	yes	yes	yes	yes	yes	yes	yes	vegetable	http://seasonalfoodguide.com/brisbane-queensland-seasonal-fresh-produce-guide-fruits-vegetables-in-season-availability-australia.html
Dates		Qld	yes	yes	yes	yes	yes	yes	yes	yes	yes	yes	yes	yes	fruit	http://seasonalfoodguide.com/brisbane-queensland-seasonal-fresh-produce-guide-fruits-vegetables-in-season-availability-australia.html
Dragonfruit		Qld	yes	yes	yes	yes	yes	yes	yes	yes	yes	yes	yes	yes	fruit	http://seasonalfoodguide.com/brisbane-queensland-seasonal-fresh-produce-guide-fruits-vegetables-in-season-availability-australia.html
Eggplants		AU	yes	yes	yes	yes	yes							yes	vegetable	https://www.frugalandthriving.com.au/seasonal-eating/
Eggplants		Qld	yes	yes	yes	yes	yes	yes	yes	yes	yes	yes	yes	yes	vegetable	http://seasonalfoodguide.com/brisbane-queensland-seasonal-fresh-produce-guide-fruits-vegetables-in-season-availability-australia.html
Endives		Qld	yes	yes	yes	yes	yes	yes	yes	yes	yes	yes	yes	yes	vegetable	http://seasonalfoodguide.com/brisbane-queensland-seasonal-fresh-produce-guide-fruits-vegetables-in-season-availability-australia.html
Eschallots		Qld	yes	yes	yes	yes	yes	yes	yes	yes	yes	yes	yes	yes	vegetable	http://seasonalfoodguide.com/brisbane-queensland-seasonal-fresh-produce-guide-fruits-vegetables-in-season-availability-australia.html
Fennel		AU				yes	yes	yes	yes	yes					vegetable	https://www.frugalandthriving.com.au/seasonal-eating/
Fennel		Qld	yes	yes	yes	yes	yes	yes	yes	yes	yes	yes	yes	yes	vegetable	http://seasonalfoodguide.com/brisbane-queensland-seasonal-fresh-produce-guide-fruits-vegetables-in-season-availability-australia.html
Figs		AU		yes											fruit	https://www.frugalandthriving.com.au/seasonal-eating/
Figs		Qld	yes	yes	yes	yes	yes							yes	fruit	http://seasonalfoodguide.com/brisbane-queensland-seasonal-fresh-produce-guide-fruits-vegetables-in-season-availability-australia.html
Garlic		AU				yes	yes	yes	yes	yes	yes	yes			vegetable	https://www.frugalandthriving.com.au/seasonal-eating/
Garlic		Qld	yes	yes	yes	yes	yes	yes	yes	yes	yes	yes	yes	yes	vegetable	http://seasonalfoodguide.com/brisbane-queensland-seasonal-fresh-produce-guide-fruits-vegetables-in-season-availability-australia.html
Ginger		AU				yes	yes	yes	yes	yes	yes				vegetable	https://www.frugalandthriving.com.au/seasonal-eating/
Ginger		Qld	yes	yes	yes	yes	yes	yes	yes	yes	yes	yes	yes	yes	vegetable	http://seasonalfoodguide.com/brisbane-queensland-seasonal-fresh-produce-guide-fruits-vegetables-in-season-availability-australia.html
Gooseberries		Qld	yes	yes							yes	yes	yes	yes	fruit	http://seasonalfoodguide.com/brisbane-queensland-seasonal-fresh-produce-guide-fruits-vegetables-in-season-availability-australia.html
Grapefruit		AU						yes	yes	yes	yes	yes	yes		fruit	https://www.frugalandthriving.com.au/seasonal-eating/
Grapefruit		Qld	yes	yes	yes	yes	yes	yes	yes	yes	yes	yes	yes	yes	fruit	http://seasonalfoodguide.com/brisbane-queensland-seasonal-fresh-produce-guide-fruits-vegetables-in-season-availability-australia.html
Grapes		AU		yes	yes	yes	yes								fruit	https://www.frugalandthriving.com.au/seasonal-eating/
Grapes (green)		Qld	yes	yes							yes	yes	yes	yes	fruit	http://seasonalfoodguide.com/brisbane-queensland-seasonal-fresh-produce-guide-fruits-vegetables-in-season-availability-australia.html
Grapes (red)		Qld	yes	yes										yes	fruit	http://seasonalfoodguide.com/brisbane-queensland-seasonal-fresh-produce-guide-fruits-vegetables-in-season-availability-australia.html
Guava		AU		yes											fruit	https://www.frugalandthriving.com.au/seasonal-eating/
Guava		Qld	yes	yes	yes	yes	yes	yes	yes	yes	yes	yes	yes	yes	fruit	http://seasonalfoodguide.com/brisbane-queensland-seasonal-fresh-produce-guide-fruits-vegetables-in-season-availability-australia.html
Honeydew melons		Qld	yes	yes	yes	yes	yes	yes	yes	yes	yes	yes	yes	yes	fruit	http://seasonalfoodguide.com/brisbane-queensland-seasonal-fresh-produce-guide-fruits-vegetables-in-season-availability-australia.html
Kale		AU						yes	yes	yes					vegetable	https://www.frugalandthriving.com.au/seasonal-eating/
Kale		Qld	yes	yes	yes	yes	yes	yes	yes	yes	yes	yes	yes	yes	vegetable	http://seasonalfoodguide.com/brisbane-queensland-seasonal-fresh-produce-guide-fruits-vegetables-in-season-availability-australia.html
Kiwifruit		AU		yes	yes	yes	yes	yes	yes	yes					fruit	https://www.frugalandthriving.com.au/seasonal-eating/
Kiwifruit		Qld	yes	yes	yes	yes	yes	yes	yes	yes	yes	yes	yes	yes	fruit	http://seasonalfoodguide.com/brisbane-queensland-seasonal-fresh-produce-guide-fruits-vegetables-in-season-availability-australia.html
Leeks		AU		yes	yes	yes	yes	yes	yes	yes	yes				vegetable	https://www.frugalandthriving.com.au/seasonal-eating/
Leeks		Qld	yes	yes	yes	yes	yes	yes	yes	yes	yes	yes	yes	yes	vegetable	http://seasonalfoodguide.com/brisbane-queensland-seasonal-fresh-produce-guide-fruits-vegetables-in-season-availability-australia.html
Lemons		AU	yes	yes	yes	yes	yes	yes	yes	yes	yes	yes		yes	fruit	https://www.frugalandthriving.com.au/seasonal-eating/
Lemons		Qld	yes	yes	yes	yes	yes	yes	yes	yes	yes	yes	yes	yes	fruit	http://seasonalfoodguide.com/brisbane-queensland-seasonal-fresh-produce-guide-fruits-vegetables-in-season-availability-australia.html
Lettuces		AU	yes	yes	yes	yes	yes				yes	yes	yes	yes	vegetable	https://www.frugalandthriving.com.au/seasonal-eating/
Lettuces		Qld	yes	yes	yes	yes	yes	yes	yes	yes	yes	yes	yes	yes	vegetable	http://seasonalfoodguide.com/brisbane-queensland-seasonal-fresh-produce-guide-fruits-vegetables-in-season-availability-australia.html
Limes		AU			yes	yes	yes	yes	yes	yes					fruit	https://www.frugalandthriving.com.au/seasonal-eating/
Limes		Qld	yes	yes	yes	yes	yes	yes	yes	yes	yes	yes	yes	yes	fruit	http://seasonalfoodguide.com/brisbane-queensland-seasonal-fresh-produce-guide-fruits-vegetables-in-season-availability-australia.html
Loganberries		Qld	yes	yes										yes	fruit	http://seasonalfoodguide.com/brisbane-queensland-seasonal-fresh-produce-guide-fruits-vegetables-in-season-availability-australia.html
Lychees		AU	yes	yes									yes	yes	fruit	https://www.frugalandthriving.com.au/seasonal-eating/
Lychees		Qld	yes	yes										yes	fruit	http://seasonalfoodguide.com/brisbane-queensland-seasonal-fresh-produce-guide-fruits-vegetables-in-season-availability-australia.html
Mandarins		AU				yes	yes	yes	yes	yes	yes				fruit	https://www.frugalandthriving.com.au/seasonal-eating/
Mandarins		Qld			yes	yes	yes	yes	yes	yes	yes	yes	yes		fruit	http://seasonalfoodguide.com/brisbane-queensland-seasonal-fresh-produce-guide-fruits-vegetables-in-season-availability-australia.html
Mangoes		AU	yes	yes	yes							yes	yes	yes	fruit	https://www.frugalandthriving.com.au/seasonal-eating/
Mangoes		Qld	yes	yes							yes	yes	yes	yes	fruit	http://seasonalfoodguide.com/brisbane-queensland-seasonal-fresh-produce-guide-fruits-vegetables-in-season-availability-australia.html
Mangosteen		Qld	yes	yes	yes	yes	yes							yes	fruit	http://seasonalfoodguide.com/brisbane-queensland-seasonal-fresh-produce-guide-fruits-vegetables-in-season-availability-australia.html
Melons		AU	yes	yes	yes								yes	yes	fruit	https://www.frugalandthriving.com.au/seasonal-eating/
Mushrooms		AU				yes	yes								vegetable	https://www.frugalandthriving.com.au/seasonal-eating/
Mushrooms		Qld	yes	yes	yes	yes	yes	yes	yes	yes	yes	yes	yes	yes	vegetable	http://seasonalfoodguide.com/brisbane-queensland-seasonal-fresh-produce-guide-fruits-vegetables-in-season-availability-australia.html
Nashi		AU				yes									fruit	https://www.frugalandthriving.com.au/seasonal-eating/
Nectarines		AU	yes	yes	yes										fruit	https://www.frugalandthriving.com.au/seasonal-eating/
Nectarines		Qld	yes	yes	yes	yes	yes				yes	yes	yes	yes	fruit	http://seasonalfoodguide.com/brisbane-queensland-seasonal-fresh-produce-guide-fruits-vegetables-in-season-availability-australia.html
Okra		AU	yes	yes											vegetable	https://www.frugalandthriving.com.au/seasonal-eating/
Okra		Qld	yes	yes	yes	yes	yes	yes	yes	yes	yes	yes	yes	yes	vegetable	http://seasonalfoodguide.com/brisbane-queensland-seasonal-fresh-produce-guide-fruits-vegetables-in-season-availability-australia.html
Olives		Qld			yes	yes	yes	yes	yes	yes					fruit	http://seasonalfoodguide.com/brisbane-queensland-seasonal-fresh-produce-guide-fruits-vegetables-in-season-availability-australia.html
Onions		AU		yes	yes	yes	yes	yes	yes	yes					vegetable	https://www.frugalandthriving.com.au/seasonal-eating/
Onions (brown)		Qld	yes	yes	yes	yes	yes	yes	yes	yes	yes	yes	yes	yes	vegetable	http://seasonalfoodguide.com/brisbane-queensland-seasonal-fresh-produce-guide-fruits-vegetables-in-season-availability-australia.html
Onions (red)		Qld	yes	yes	yes	yes	yes	yes	yes	yes	yes	yes	yes	yes	vegetable	http://seasonalfoodguide.com/brisbane-queensland-seasonal-fresh-produce-guide-fruits-vegetables-in-season-availability-australia.html
Onions (white)		Qld	yes	yes	yes	yes	yes	yes	yes	yes	yes	yes	yes	yes	vegetable	http://seasonalfoodguide.com/brisbane-queensland-seasonal-fresh-produce-guide-fruits-vegetables-in-season-availability-australia.html
Oranges		AU		yes	yes	yes		yes	yes	yes	yes	yes	yes	yes	fruit	https://www.frugalandthriving.com.au/seasonal-eating/
Oranges		Qld	yes	yes	yes	yes	yes	yes	yes	yes	yes	yes	yes	yes	fruit	http://seasonalfoodguide.com/brisbane-queensland-seasonal-fresh-produce-guide-fruits-vegetables-in-season-availability-australia.html
Papaya		AU			yes			yes	yes	yes	yes	yes	yes		fruit	https://www.frugalandthriving.com.au/seasonal-eating/
Parsnips		AU					yes	yes	yes	yes					vegetable	https://www.frugalandthriving.com.au/seasonal-eating/
Parsnips		Qld	yes	yes	yes	yes	yes	yes	yes	yes	yes	yes	yes	yes	vegetable	http://seasonalfoodguide.com/brisbane-queensland-seasonal-fresh-produce-guide-fruits-vegetables-in-season-availability-australia.html
Passion fruits		AU	yes	yes	yes	yes								yes	fruit	https://www.frugalandthriving.com.au/seasonal-eating/
Passion fruits		Qld	yes	yes	yes	yes	yes	yes	yes	yes	yes	yes	yes	yes	fruit	http://seasonalfoodguide.com/brisbane-queensland-seasonal-fresh-produce-guide-fruits-vegetables-in-season-availability-australia.html
Pawpaws		AU						yes	yes	yes	yes	yes	yes		fruit	https://www.frugalandthriving.com.au/seasonal-eating/
Pawpaws		Qld	yes	yes	yes	yes	yes	yes	yes	yes	yes	yes	yes	yes	fruit	http://seasonalfoodguide.com/brisbane-queensland-seasonal-fresh-produce-guide-fruits-vegetables-in-season-availability-australia.html
Peaches		AU	yes	yes	yes										fruit	https://www.frugalandthriving.com.au/seasonal-eating/
Peaches		Qld	yes	yes							yes	yes	yes	yes	fruit	http://seasonalfoodguide.com/brisbane-queensland-seasonal-fresh-produce-guide-fruits-vegetables-in-season-availability-australia.html
Pears		AU		yes	yes	yes	yes	yes	yes	yes					fruit	https://www.frugalandthriving.com.au/seasonal-eating/
Pears		Qld	yes	yes	yes	yes	yes	yes	yes	yes	yes	yes	yes	yes	fruit	http://seasonalfoodguide.com/brisbane-queensland-seasonal-fresh-produce-guide-fruits-vegetables-in-season-availability-australia.html
Peas		AU	yes	yes	yes	yes	yes	yes	yes	yes	yes	yes	yes	yes	vegetable	https://www.frugalandthriving.com.au/seasonal-eating/
Peas		Qld	yes	yes	yes	yes	yes	yes	yes	yes	yes	yes	yes	yes	vegetable	http://seasonalfoodguide.com/brisbane-queensland-seasonal-fresh-produce-guide-fruits-vegetables-in-season-availability-australia.html
Persimmons		Qld			yes	yes	yes	yes	yes	yes					fruit	http://seasonalfoodguide.com/brisbane-queensland-seasonal-fresh-produce-guide-fruits-vegetables-in-season-availability-australia.html
Pineapples		AU	yes					yes	yes	yes	yes	yes	yes	yes	fruit	https://www.frugalandthriving.com.au/seasonal-eating/
Pineapples		Qld	yes	yes	yes	yes	yes	yes	yes	yes	yes	yes	yes	yes	fruit	http://seasonalfoodguide.com/brisbane-queensland-seasonal-fresh-produce-guide-fruits-vegetables-in-season-availability-australia.html
Plums		AU		yes	yes	yes									fruit	https://www.frugalandthriving.com.au/seasonal-eating/
Plums		Qld	yes	yes	yes	yes	yes							yes	fruit	http://seasonalfoodguide.com/brisbane-queensland-seasonal-fresh-produce-guide-fruits-vegetables-in-season-availability-australia.html
Pomegranates		AU			yes										fruit	https://www.frugalandthriving.com.au/seasonal-eating/
Pomegranates		Qld	yes	yes	yes	yes	yes	yes	yes	yes	yes	yes	yes	yes	fruit	http://seasonalfoodguide.com/brisbane-queensland-seasonal-fresh-produce-guide-fruits-vegetables-in-season-availability-australia.html
Potatoes		AU			yes	yes	yes	yes	yes	yes	yes				vegetable	https://www.frugalandthriving.com.au/seasonal-eating/
Potatoes		Qld	yes	yes	yes	yes	yes	yes	yes	yes	yes	yes	yes	yes	vegetable	http://seasonalfoodguide.com/brisbane-queensland-seasonal-fresh-produce-guide-fruits-vegetables-in-season-availability-australia.html
Pumpkins		AU			yes	yes	yes	yes	yes	yes	yes				vegetable	https://www.frugalandthriving.com.au/seasonal-eating/
Pumpkins (butternut)		Qld	yes	yes	yes	yes	yes	yes	yes	yes	yes	yes	yes	yes	vegetable	http://seasonalfoodguide.com/brisbane-queensland-seasonal-fresh-produce-guide-fruits-vegetables-in-season-availability-australia.html
Pumpkins (jap)		Qld	yes	yes	yes	yes	yes	yes	yes	yes	yes	yes	yes	yes	vegetable	http://seasonalfoodguide.com/brisbane-queensland-seasonal-fresh-produce-guide-fruits-vegetables-in-season-availability-australia.html
Quince		AU						yes	yes	yes					fruit	https://www.frugalandthriving.com.au/seasonal-eating/
Quince		Qld			yes	yes	yes								fruit	http://seasonalfoodguide.com/brisbane-queensland-seasonal-fresh-produce-guide-fruits-vegetables-in-season-availability-australia.html
Radishes		AU	yes	yes										yes	vegetable	https://www.frugalandthriving.com.au/seasonal-eating/
Radishes		Qld	yes	yes	yes	yes	yes	yes	yes	yes	yes	yes	yes	yes	vegetable	http://seasonalfoodguide.com/brisbane-queensland-seasonal-fresh-produce-guide-fruits-vegetables-in-season-availability-australia.html
Rambutan		Qld	yes	yes	yes	yes	yes							yes	fruit	http://seasonalfoodguide.com/brisbane-queensland-seasonal-fresh-produce-guide-fruits-vegetables-in-season-availability-australia.html
Raspberries		Qld	yes	yes	yes	yes	yes				yes	yes	yes	yes	fruit	http://seasonalfoodguide.com/brisbane-queensland-seasonal-fresh-produce-guide-fruits-vegetables-in-season-availability-australia.html
Rhubarbs		AU		yes	yes	yes	yes	yes	yes	yes					fruit	https://www.frugalandthriving.com.au/seasonal-eating/
Rhubarbs		Qld	yes	yes	yes	yes	yes	yes	yes	yes	yes	yes	yes	yes	vegetable	http://seasonalfoodguide.com/brisbane-queensland-seasonal-fresh-produce-guide-fruits-vegetables-in-season-availability-australia.html
Rockmelons		Qld	yes	yes	yes	yes	yes	yes	yes	yes	yes	yes	yes	yes	fruit	http://seasonalfoodguide.com/brisbane-queensland-seasonal-fresh-produce-guide-fruits-vegetables-in-season-availability-australia.html
Rosella		Qld	yes	yes	yes	yes	yes							yes	fruit	http://seasonalfoodguide.com/brisbane-queensland-seasonal-fresh-produce-guide-fruits-vegetables-in-season-availability-australia.html
Silverbeets		AU						yes	yes	yes	yes	yes			vegetable	https://www.frugalandthriving.com.au/seasonal-eating/
Silverbeets		Qld	yes	yes	yes	yes	yes	yes	yes	yes	yes	yes	yes	yes	vegetable	http://seasonalfoodguide.com/brisbane-queensland-seasonal-fresh-produce-guide-fruits-vegetables-in-season-availability-australia.html
Snow peas		AU											yes		vegetable	https://www.frugalandthriving.com.au/seasonal-eating/
Snow peas		Qld	yes	yes	yes	yes	yes	yes	yes	yes	yes	yes	yes	yes	vegetable	http://seasonalfoodguide.com/brisbane-queensland-seasonal-fresh-produce-guide-fruits-vegetables-in-season-availability-australia.html
Spinach		AU			yes	yes	yes	yes	yes	yes	yes	yes	yes		vegetable	https://www.frugalandthriving.com.au/seasonal-eating/
Spinach		Qld	yes	yes	yes	yes	yes	yes	yes	yes	yes	yes	yes	yes	vegetable	http://seasonalfoodguide.com/brisbane-queensland-seasonal-fresh-produce-guide-fruits-vegetables-in-season-availability-australia.html
Spring onions		AU									yes	yes	yes		vegetable	https://www.frugalandthriving.com.au/seasonal-eating/
Spring onions		Qld	yes	yes	yes	yes	yes	yes	yes	yes	yes	yes	yes	yes	vegetable	http://seasonalfoodguide.com/brisbane-queensland-seasonal-fresh-produce-guide-fruits-vegetables-in-season-availability-australia.html
Sprouts		Qld	yes	yes	yes	yes	yes	yes	yes	yes	yes	yes	yes	yes	vegetable	http://seasonalfoodguide.com/brisbane-queensland-seasonal-fresh-produce-guide-fruits-vegetables-in-season-availability-australia.html
Squash		AU	yes	yes										yes	vegetable	https://www.frugalandthriving.com.au/seasonal-eating/
Squash		Qld	yes	yes	yes	yes	yes	yes	yes	yes	yes	yes	yes	yes	vegetable	http://seasonalfoodguide.com/brisbane-queensland-seasonal-fresh-produce-guide-fruits-vegetables-in-season-availability-australia.html
Star fruit		Qld	yes	yes	yes	yes	yes	yes	yes	yes	yes	yes	yes	yes	fruit	http://seasonalfoodguide.com/brisbane-queensland-seasonal-fresh-produce-guide-fruits-vegetables-in-season-availability-australia.html
Star fruit		AU	yes	yes										yes	fruit	https://www.frugalandthriving.com.au/seasonal-eating/
Strawberries		AU										yes	yes		fruit	https://www.frugalandthriving.com.au/seasonal-eating/
Strawberries		Qld	yes	yes	yes	yes	yes	yes	yes	yes	yes	yes	yes	yes	fruit	http://seasonalfoodguide.com/brisbane-queensland-seasonal-fresh-produce-guide-fruits-vegetables-in-season-availability-australia.html
Swedes		AU					yes	yes	yes	yes					vegetable	https://www.frugalandthriving.com.au/seasonal-eating/
Swedes		Qld	yes	yes	yes	yes	yes	yes	yes	yes	yes	yes	yes	yes	vegetable	http://seasonalfoodguide.com/brisbane-queensland-seasonal-fresh-produce-guide-fruits-vegetables-in-season-availability-australia.html
Sweet corn		AU	yes	yes	yes								yes	yes	vegetable	https://www.frugalandthriving.com.au/seasonal-eating/
Sweet corn		Qld	yes	yes	yes	yes	yes	yes	yes	yes	yes	yes	yes	yes	vegetable	http://seasonalfoodguide.com/brisbane-queensland-seasonal-fresh-produce-guide-fruits-vegetables-in-season-availability-australia.html
Sweet potatoes		AU			yes	yes	yes	yes	yes	yes					vegetable	https://www.frugalandthriving.com.au/seasonal-eating/
Sweet potatoes		Qld	yes	yes	yes	yes	yes	yes	yes	yes	yes	yes	yes	yes	vegetable	http://seasonalfoodguide.com/brisbane-queensland-seasonal-fresh-produce-guide-fruits-vegetables-in-season-availability-australia.html
Tamarillo		AU	yes	yes	yes										fruit	https://www.frugalandthriving.com.au/seasonal-eating/
Tamarillo		Qld						yes	yes	yes	yes	yes	yes		fruit	http://seasonalfoodguide.com/brisbane-queensland-seasonal-fresh-produce-guide-fruits-vegetables-in-season-availability-australia.html
Tangelo		Qld						yes	yes	yes					fruit	http://seasonalfoodguide.com/brisbane-queensland-seasonal-fresh-produce-guide-fruits-vegetables-in-season-availability-australia.html
Taro		Qld	yes	yes	yes	yes	yes	yes	yes	yes	yes	yes	yes	yes	vegetable	http://seasonalfoodguide.com/brisbane-queensland-seasonal-fresh-produce-guide-fruits-vegetables-in-season-availability-australia.html
Tomatoes		AU	yes	yes	yes	yes	yes						yes	yes	vegetable	https://www.frugalandthriving.com.au/seasonal-eating/
Tomatoes		Qld	yes	yes	yes	yes	yes	yes	yes	yes	yes	yes	yes	yes	vegetable	http://seasonalfoodguide.com/brisbane-queensland-seasonal-fresh-produce-guide-fruits-vegetables-in-season-availability-australia.html
Watercress		AU												yes	vegetable	https://www.frugalandthriving.com.au/seasonal-eating/
Watercress		Qld	yes	yes	yes	yes	yes	yes	yes	yes	yes	yes	yes	yes	vegetable	http://seasonalfoodguide.com/brisbane-queensland-seasonal-fresh-produce-guide-fruits-vegetables-in-season-availability-australia.html
Witlof		AU						yes	yes	yes					vegetable	https://www.frugalandthriving.com.au/seasonal-eating/
Witlof		Qld	yes	yes	yes	yes	yes	yes	yes	yes	yes	yes	yes	yes	vegetable	http://seasonalfoodguide.com/brisbane-queensland-seasonal-fresh-produce-guide-fruits-vegetables-in-season-availability-australia.html
Zucchini		AU	yes	yes	yes	yes	yes							yes	vegetable	https://www.frugalandthriving.com.au/seasonal-eating/
Zucchini		Qld	yes	yes	yes	yes	yes	yes	yes	yes	yes	yes	yes	yes	vegetable	http://seasonalfoodguide.com/brisbane-queensland-seasonal-fresh-produce-guide-fruits-vegetables-in-season-availability-australia.html